Model,Accuracy,F1 Macro,F1 Weighted
Acc Model,0.8776371308016878,0.8726990841439204,0.8788242876553187
