Model,Accuracy,F1 Macro,F1 Weighted
Audio Model,0.8057553956834532,0.7991222761187408,0.8022671615224003
