Model,Accuracy,F1 Macro,F1 Weighted
Fusion Model,0.9367088607594937,0.9349030178413807,0.9362014320876475
